100, 100, 100, 100, 1086706
105, 105, 105, 105, 87234
110, 110, 110, 110, 78003
115, 115, 115, 115, 47748
120, 120, 120, 120, 50192
125, 125, 125, 125, 54002
130, 130, 130, 130, 73180
135, 135, 135, 135, 80392
140, 140, 140, 140, 144957
145, 145, 145, 145, 146962
150, 150, 150, 150, 114090
155, 155, 155, 155, 130127
160, 160, 160, 160, 168106
165, 165, 165, 165, 44150
170, 170, 170, 170, 33287
175, 175, 175, 175, 30881
180, 180, 180, 180, 35612
185, 185, 185, 185, 24933
190, 190, 190, 190, 33293
195, 195, 195, 195, 42336
200, 200, 200, 200, 66413
205, 205, 205, 205, 46935
210, 210, 210, 210, 46712
215, 215, 215, 215, 31366
220, 220, 220, 220, 32268
225, 225, 225, 225, 33887
230, 230, 230, 230, 34424
235, 235, 235, 235, 35792
240, 240, 240, 240, 36732
245, 245, 245, 245, 40741
250, 250, 250, 250, 39566
255, 255, 255, 255, 40661
260, 260, 260, 260, 42648
265, 265, 265, 265, 44921
270, 270, 270, 270, 44838
275, 275, 275, 275, 46467
280, 280, 280, 280, 48039
285, 285, 285, 285, 53070
290, 290, 290, 290, 53365
295, 295, 295, 295, 52883
300, 300, 300, 300, 68557
305, 305, 305, 305, 88493
310, 310, 310, 310, 92952
315, 315, 315, 315, 96292
320, 320, 320, 320, 96068
325, 325, 325, 325, 100112
330, 330, 330, 330, 104709
335, 335, 335, 335, 104842
340, 340, 340, 340, 107050
345, 345, 345, 345, 97571
350, 350, 350, 350, 111366
355, 355, 355, 355, 117121
360, 360, 360, 360, 111597
365, 365, 365, 365, 119548
370, 370, 370, 370, 110253
375, 375, 375, 375, 85216
380, 380, 380, 380, 80506
385, 385, 385, 385, 82676
390, 390, 390, 390, 83997
395, 395, 395, 395, 86280
400, 400, 400, 400, 111299
405, 405, 405, 405, 115987
410, 410, 410, 410, 106281
415, 415, 415, 415, 152819
420, 420, 420, 420, 134688
425, 425, 425, 425, 99755
430, 430, 430, 430, 123125
435, 435, 435, 435, 107837
440, 440, 440, 440, 108242
445, 445, 445, 445, 106582
450, 450, 450, 450, 99888
455, 455, 455, 455, 111718
460, 460, 460, 460, 115503
465, 465, 465, 465, 117575
470, 470, 470, 470, 156372
475, 475, 475, 475, 216532
480, 480, 480, 480, 158615
485, 485, 485, 485, 128655
490, 490, 490, 490, 128404
495, 495, 495, 495, 116582
500, 500, 500, 500, 119127
505, 505, 505, 505, 120967
510, 510, 510, 510, 124116
515, 515, 515, 515, 142719
520, 520, 520, 520, 143842
525, 525, 525, 525, 147597
530, 530, 530, 530, 150502
535, 535, 535, 535, 151680
540, 540, 540, 540, 154601
545, 545, 545, 545, 156441
550, 550, 550, 550, 235140
555, 555, 555, 555, 183158
560, 560, 560, 560, 168335
565, 565, 565, 565, 168373
570, 570, 570, 570, 156007
575, 575, 575, 575, 172290
580, 580, 580, 580, 192797
585, 585, 585, 585, 188000
590, 590, 590, 590, 183020
595, 595, 595, 595, 169625
600, 600, 600, 600, 166400
605, 605, 605, 605, 169445
610, 610, 610, 610, 175768
615, 615, 615, 615, 175291
620, 620, 620, 620, 176819
625, 625, 625, 625, 180101
630, 630, 630, 630, 191325
635, 635, 635, 635, 184859
640, 640, 640, 640, 188120
645, 645, 645, 645, 431743
650, 650, 650, 650, 379320
655, 655, 655, 655, 383570
660, 660, 660, 660, 406719
665, 665, 665, 665, 395325
670, 670, 670, 670, 399422
675, 675, 675, 675, 364365
680, 680, 680, 680, 329891
685, 685, 685, 685, 297260
690, 690, 690, 690, 292879
695, 695, 695, 695, 303950
700, 700, 700, 700, 305036
705, 705, 705, 705, 309854
710, 710, 710, 710, 311863
715, 715, 715, 715, 324020
720, 720, 720, 720, 316634
725, 725, 725, 725, 314300
730, 730, 730, 730, 271618
735, 735, 735, 735, 282580
740, 740, 740, 740, 279326
745, 745, 745, 745, 253673
750, 750, 750, 750, 256862
755, 755, 755, 755, 260642
760, 760, 760, 760, 305523
765, 765, 765, 765, 322831
770, 770, 770, 770, 571476
775, 775, 775, 775, 427203
780, 780, 780, 780, 369748
785, 785, 785, 785, 372136
790, 790, 790, 790, 377510
795, 795, 795, 795, 374203
800, 800, 800, 800, 399094
805, 805, 805, 805, 349603
810, 810, 810, 810, 334760
815, 815, 815, 815, 300225
820, 820, 820, 820, 303820
825, 825, 825, 825, 306809
830, 830, 830, 830, 309898
835, 835, 835, 835, 327886
840, 840, 840, 840, 326698
845, 845, 845, 845, 435261
850, 850, 850, 850, 321867
855, 855, 855, 855, 338260
860, 860, 860, 860, 345145
865, 865, 865, 865, 379795
870, 870, 870, 870, 356450
875, 875, 875, 875, 371140
880, 880, 880, 880, 380862
885, 885, 885, 885, 347480
890, 890, 890, 890, 375417
895, 895, 895, 895, 354111
900, 900, 900, 900, 358995
905, 905, 905, 905, 361897
910, 910, 910, 910, 367348
915, 915, 915, 915, 672285
920, 920, 920, 920, 531515
925, 925, 925, 925, 509190
930, 930, 930, 930, 514987
935, 935, 935, 935, 494599
940, 940, 940, 940, 406243
945, 945, 945, 945, 397465
950, 950, 950, 950, 428195
955, 955, 955, 955, 417362
960, 960, 960, 960, 405267
965, 965, 965, 965, 751694
970, 970, 970, 970, 658930
975, 975, 975, 975, 563570
980, 980, 980, 980, 570198
985, 985, 985, 985, 579089
990, 990, 990, 990, 440938
995, 995, 995, 995, 443641
1000, 1000, 1000, 1000, 437677
1005, 1005, 1005, 1005, 512321
1010, 1010, 1010, 1010, 482584
1015, 1015, 1015, 1015, 451604
1020, 1020, 1020, 1020, 484440
1025, 1025, 1025, 1025, 877249
1030, 1030, 1030, 1030, 929970
1035, 1035, 1035, 1035, 913445
1040, 1040, 1040, 1040, 915941
1045, 1045, 1045, 1045, 877619
1050, 1050, 1050, 1050, 670374
1055, 1055, 1055, 1055, 750010
1060, 1060, 1060, 1060, 898016
1065, 1065, 1065, 1065, 1052039
1070, 1070, 1070, 1070, 1071996
1075, 1075, 1075, 1075, 1046866
1080, 1080, 1080, 1080, 948072
1085, 1085, 1085, 1085, 808952
1090, 1090, 1090, 1090, 698578
1095, 1095, 1095, 1095, 621944
1100, 1100, 1100, 1100, 591520
1105, 1105, 1105, 1105, 628289
1110, 1110, 1110, 1110, 542870
1115, 1115, 1115, 1115, 618831
1120, 1120, 1120, 1120, 570268
1125, 1125, 1125, 1125, 635181
1130, 1130, 1130, 1130, 554939
1135, 1135, 1135, 1135, 566920
1140, 1140, 1140, 1140, 563435
1145, 1145, 1145, 1145, 661449
1150, 1150, 1150, 1150, 588184
1155, 1155, 1155, 1155, 600591
1160, 1160, 1160, 1160, 583651
1165, 1165, 1165, 1165, 620439
1170, 1170, 1170, 1170, 916615
1175, 1175, 1175, 1175, 1072968
1180, 1180, 1180, 1180, 843625
1185, 1185, 1185, 1185, 817712
1190, 1190, 1190, 1190, 779067
1195, 1195, 1195, 1195, 707548
1200, 1200, 1200, 1200, 646899
1205, 1205, 1205, 1205, 624960
1210, 1210, 1210, 1210, 631740
1215, 1215, 1215, 1215, 651301
1220, 1220, 1220, 1220, 648623
1225, 1225, 1225, 1225, 703923
1230, 1230, 1230, 1230, 686834
1235, 1235, 1235, 1235, 1258940
1240, 1240, 1240, 1240, 1059967
1245, 1245, 1245, 1245, 1064096
1250, 1250, 1250, 1250, 709059
1255, 1255, 1255, 1255, 766136
1260, 1260, 1260, 1260, 971551
1265, 1265, 1265, 1265, 1438556
1270, 1270, 1270, 1270, 1318747
1275, 1275, 1275, 1275, 984137
1280, 1280, 1280, 1280, 1031172
1285, 1285, 1285, 1285, 747771
1290, 1290, 1290, 1290, 808765
1295, 1295, 1295, 1295, 1061851
1300, 1300, 1300, 1300, 993406
1305, 1305, 1305, 1305, 832580
1310, 1310, 1310, 1310, 1028144
1315, 1315, 1315, 1315, 977050
1320, 1320, 1320, 1320, 763887
1325, 1325, 1325, 1325, 888845
1330, 1330, 1330, 1330, 788091
1335, 1335, 1335, 1335, 829900
1340, 1340, 1340, 1340, 965012
1345, 1345, 1345, 1345, 1103873
1350, 1350, 1350, 1350, 1538670
1355, 1355, 1355, 1355, 1117310
1360, 1360, 1360, 1360, 1151273
1365, 1365, 1365, 1365, 1015738
1370, 1370, 1370, 1370, 851081
1375, 1375, 1375, 1375, 993285
1380, 1380, 1380, 1380, 916392
1385, 1385, 1385, 1385, 1393177
1390, 1390, 1390, 1390, 1197421
1395, 1395, 1395, 1395, 1136979
1400, 1400, 1400, 1400, 1119775
1405, 1405, 1405, 1405, 876669
1410, 1410, 1410, 1410, 867366
1415, 1415, 1415, 1415, 902452
1420, 1420, 1420, 1420, 954659
1425, 1425, 1425, 1425, 1105529
1430, 1430, 1430, 1430, 1397936
1435, 1435, 1435, 1435, 1276640
1440, 1440, 1440, 1440, 999037
1445, 1445, 1445, 1445, 989514
1450, 1450, 1450, 1450, 1104246
1455, 1455, 1455, 1455, 1044571
1460, 1460, 1460, 1460, 913701
1465, 1465, 1465, 1465, 947004
1470, 1470, 1470, 1470, 950629
1475, 1475, 1475, 1475, 1080191
1480, 1480, 1480, 1480, 1267897
1485, 1485, 1485, 1485, 1624349
1490, 1490, 1490, 1490, 1847030
1495, 1495, 1495, 1495, 1546311
1500, 1500, 1500, 1500, 1232526
1505, 1505, 1505, 1505, 988112
1510, 1510, 1510, 1510, 1138427
1515, 1515, 1515, 1515, 2030957
1520, 1520, 1520, 1520, 1681975
1525, 1525, 1525, 1525, 1371185
1530, 1530, 1530, 1530, 1379402
1535, 1535, 1535, 1535, 1392746
1540, 1540, 1540, 1540, 1361304
1545, 1545, 1545, 1545, 1044053
1550, 1550, 1550, 1550, 1174589
1555, 1555, 1555, 1555, 1410213
1560, 1560, 1560, 1560, 1122264
1565, 1565, 1565, 1565, 1083659
1570, 1570, 1570, 1570, 1173500
1575, 1575, 1575, 1575, 1162796
1580, 1580, 1580, 1580, 1156706
1585, 1585, 1585, 1585, 1145889
1590, 1590, 1590, 1590, 1067723
1595, 1595, 1595, 1595, 1106165
1600, 1600, 1600, 1600, 2153076
1605, 1605, 1605, 1605, 1787577
1610, 1610, 1610, 1610, 1585392
1615, 1615, 1615, 1615, 1240397
1620, 1620, 1620, 1620, 1122140
1625, 1625, 1625, 1625, 2141452
1630, 1630, 1630, 1630, 1778065
1635, 1635, 1635, 1635, 1400588
1640, 1640, 1640, 1640, 1208518
1645, 1645, 1645, 1645, 1168759
1650, 1650, 1650, 1650, 1300776
1655, 1655, 1655, 1655, 1344072
1660, 1660, 1660, 1660, 1177411
1665, 1665, 1665, 1665, 1814481
1670, 1670, 1670, 1670, 1647851
1675, 1675, 1675, 1675, 1362634
1680, 1680, 1680, 1680, 1306574
1685, 1685, 1685, 1685, 1196103
1690, 1690, 1690, 1690, 1275252
1695, 1695, 1695, 1695, 1297684
1700, 1700, 1700, 1700, 1293355
1705, 1705, 1705, 1705, 1391986
1710, 1710, 1710, 1710, 1352173
1715, 1715, 1715, 1715, 1289776
1720, 1720, 1720, 1720, 1518643
1725, 1725, 1725, 1725, 1417516
1730, 1730, 1730, 1730, 1642867
1735, 1735, 1735, 1735, 1351296
1740, 1740, 1740, 1740, 1312259
1745, 1745, 1745, 1745, 2113246
1750, 1750, 1750, 1750, 2162021
1755, 1755, 1755, 1755, 2075555
1760, 1760, 1760, 1760, 2389035
1765, 1765, 1765, 1765, 1664180
1770, 1770, 1770, 1770, 1316335
1775, 1775, 1775, 1775, 1666895
1780, 1780, 1780, 1780, 1444059
1785, 1785, 1785, 1785, 1604370
1790, 1790, 1790, 1790, 1776960
1795, 1795, 1795, 1795, 1537296
1800, 1800, 1800, 1800, 1631772
1805, 1805, 1805, 1805, 1649882
1810, 1810, 1810, 1810, 1945099
1815, 1815, 1815, 1815, 1566923
1820, 1820, 1820, 1820, 2513638
1825, 1825, 1825, 1825, 2861703
1830, 1830, 1830, 1830, 1811368
1835, 1835, 1835, 1835, 1766513
1840, 1840, 1840, 1840, 1722866
1845, 1845, 1845, 1845, 1609467
1850, 1850, 1850, 1850, 1913716
1855, 1855, 1855, 1855, 2004671
1860, 1860, 1860, 1860, 1996146
1865, 1865, 1865, 1865, 2219995
1870, 1870, 1870, 1870, 1466608
1875, 1875, 1875, 1875, 1663093
1880, 1880, 1880, 1880, 1993718
1885, 1885, 1885, 1885, 1865608
1890, 1890, 1890, 1890, 1682797
1895, 1895, 1895, 1895, 1858456
1900, 1900, 1900, 1900, 2479642
1905, 1905, 1905, 1905, 2428095
1910, 1910, 1910, 1910, 2762600
1915, 1915, 1915, 1915, 2561198
1920, 1920, 1920, 1920, 2610759
1925, 1925, 1925, 1925, 1851454
1930, 1930, 1930, 1930, 2383344
1935, 1935, 1935, 1935, 1976396
1940, 1940, 1940, 1940, 1696296
1945, 1945, 1945, 1945, 1803317
1950, 1950, 1950, 1950, 1802543
1955, 1955, 1955, 1955, 1760939
1960, 1960, 1960, 1960, 2010173
1965, 1965, 1965, 1965, 1726123
1970, 1970, 1970, 1970, 1885886
1975, 1975, 1975, 1975, 2060864
1980, 1980, 1980, 1980, 1754792
1985, 1985, 1985, 1985, 1908537
1990, 1990, 1990, 1990, 2430850
1995, 1995, 1995, 1995, 1838091
2000, 2000, 2000, 2000, 2226054
2005, 2005, 2005, 2005, 1983273
2010, 2010, 2010, 2010, 1945407
2015, 2015, 2015, 2015, 2140536
2020, 2020, 2020, 2020, 1884813
2025, 2025, 2025, 2025, 1863469
2030, 2030, 2030, 2030, 2425966
2035, 2035, 2035, 2035, 2000881
2040, 2040, 2040, 2040, 2166075
2045, 2045, 2045, 2045, 2447169
2050, 2050, 2050, 2050, 2614519
2055, 2055, 2055, 2055, 2124077
2060, 2060, 2060, 2060, 2373612
2065, 2065, 2065, 2065, 2034452
2070, 2070, 2070, 2070, 2002356
2075, 2075, 2075, 2075, 2129421
2080, 2080, 2080, 2080, 2161528
2085, 2085, 2085, 2085, 1882406
2090, 2090, 2090, 2090, 2133121
2095, 2095, 2095, 2095, 2036678
2100, 2100, 2100, 2100, 2058861
2105, 2105, 2105, 2105, 2285683
2110, 2110, 2110, 2110, 2350044
2115, 2115, 2115, 2115, 2494390
2120, 2120, 2120, 2120, 2358866
2125, 2125, 2125, 2125, 2373428
2130, 2130, 2130, 2130, 2467310
2135, 2135, 2135, 2135, 2527819
2140, 2140, 2140, 2140, 2188219
2145, 2145, 2145, 2145, 2249213
2150, 2150, 2150, 2150, 2739102
2155, 2155, 2155, 2155, 2171368
2160, 2160, 2160, 2160, 2704361
2165, 2165, 2165, 2165, 2011971
2170, 2170, 2170, 2170, 2650760
2175, 2175, 2175, 2175, 2146466
2180, 2180, 2180, 2180, 2220076
2185, 2185, 2185, 2185, 2802540
2190, 2190, 2190, 2190, 2360169
2195, 2195, 2195, 2195, 2710510
2200, 2200, 2200, 2200, 2295308
2205, 2205, 2205, 2205, 2670139
2210, 2210, 2210, 2210, 2370920
2215, 2215, 2215, 2215, 2623692
2220, 2220, 2220, 2220, 2261822
2225, 2225, 2225, 2225, 2493950
2230, 2230, 2230, 2230, 2349859
2235, 2235, 2235, 2235, 2095902
2240, 2240, 2240, 2240, 2927847
2245, 2245, 2245, 2245, 2154243
2250, 2250, 2250, 2250, 3042518
2255, 2255, 2255, 2255, 3199602
2260, 2260, 2260, 2260, 2887023
2265, 2265, 2265, 2265, 2523561
2270, 2270, 2270, 2270, 3008986
2275, 2275, 2275, 2275, 2215168
2280, 2280, 2280, 2280, 2381139
2285, 2285, 2285, 2285, 2274681
2290, 2290, 2290, 2290, 2565006
2295, 2295, 2295, 2295, 2640675
2300, 2300, 2300, 2300, 3041036
2305, 2305, 2305, 2305, 2751102
2310, 2310, 2310, 2310, 2564269
2315, 2315, 2315, 2315, 2638245
2320, 2320, 2320, 2320, 2288348
2325, 2325, 2325, 2325, 3592626
2330, 2330, 2330, 2330, 2399885
2335, 2335, 2335, 2335, 2276899
2340, 2340, 2340, 2340, 2946181
2345, 2345, 2345, 2345, 2798409
2350, 2350, 2350, 2350, 2409376
2355, 2355, 2355, 2355, 3211141
2360, 2360, 2360, 2360, 3077775
2365, 2365, 2365, 2365, 2850687
2370, 2370, 2370, 2370, 2739763
2375, 2375, 2375, 2375, 2350624
2380, 2380, 2380, 2380, 3406044
2385, 2385, 2385, 2385, 3521211
2390, 2390, 2390, 2390, 3141805
2395, 2395, 2395, 2395, 3742074
2400, 2400, 2400, 2400, 2743510
2405, 2405, 2405, 2405, 3044349
2410, 2410, 2410, 2410, 2470064
2415, 2415, 2415, 2415, 2583831
2420, 2420, 2420, 2420, 2555942
2425, 2425, 2425, 2425, 2763423
2430, 2430, 2430, 2430, 3309292
2435, 2435, 2435, 2435, 3334639
2440, 2440, 2440, 2440, 2737858
2445, 2445, 2445, 2445, 3211277
2450, 2450, 2450, 2450, 2821810
2455, 2455, 2455, 2455, 3976071
2460, 2460, 2460, 2460, 3560472
2465, 2465, 2465, 2465, 2602809
2470, 2470, 2470, 2470, 4288317
2475, 2475, 2475, 2475, 2991375
2480, 2480, 2480, 2480, 3142244
2485, 2485, 2485, 2485, 2975391
2490, 2490, 2490, 2490, 2815277
2495, 2495, 2495, 2495, 3749067
2500, 2500, 2500, 2500, 3290443
2505, 2505, 2505, 2505, 2673067
2510, 2510, 2510, 2510, 3224255
2515, 2515, 2515, 2515, 4199168
2520, 2520, 2520, 2520, 3117345
2525, 2525, 2525, 2525, 3252163
2530, 2530, 2530, 2530, 3675092
2535, 2535, 2535, 2535, 3253523
2540, 2540, 2540, 2540, 3048276
2545, 2545, 2545, 2545, 2797607
2550, 2550, 2550, 2550, 2925757
2555, 2555, 2555, 2555, 2991170
2560, 2560, 2560, 2560, 4713940
2565, 2565, 2565, 2565, 3080899
2570, 2570, 2570, 2570, 3693236
2575, 2575, 2575, 2575, 4083539
2580, 2580, 2580, 2580, 4167747
2585, 2585, 2585, 2585, 3464012
2590, 2590, 2590, 2590, 3551938
2595, 2595, 2595, 2595, 3909890
2600, 2600, 2600, 2600, 4896979
2605, 2605, 2605, 2605, 3291656
2610, 2610, 2610, 2610, 2934722
2615, 2615, 2615, 2615, 3101016
2620, 2620, 2620, 2620, 2963382
2625, 2625, 2625, 2625, 4569198
2630, 2630, 2630, 2630, 3217534
2635, 2635, 2635, 2635, 4726561
2640, 2640, 2640, 2640, 3520979
2645, 2645, 2645, 2645, 3711321
2650, 2650, 2650, 2650, 3769002
2655, 2655, 2655, 2655, 4717365
2660, 2660, 2660, 2660, 3244540
2665, 2665, 2665, 2665, 3134593
2670, 2670, 2670, 2670, 3261347
2675, 2675, 2675, 2675, 4092216
2680, 2680, 2680, 2680, 4109921
2685, 2685, 2685, 2685, 3270786
2690, 2690, 2690, 2690, 3172120
2695, 2695, 2695, 2695, 3624417
2700, 2700, 2700, 2700, 3261365
2705, 2705, 2705, 2705, 4898620
2710, 2710, 2710, 2710, 4112602
2715, 2715, 2715, 2715, 3314153
2720, 2720, 2720, 2720, 3127239
2725, 2725, 2725, 2725, 5049853
2730, 2730, 2730, 2730, 3806768
2735, 2735, 2735, 2735, 4406437
2740, 2740, 2740, 2740, 4374008
2745, 2745, 2745, 2745, 3286497
2750, 2750, 2750, 2750, 5011961
2755, 2755, 2755, 2755, 4362241
2760, 2760, 2760, 2760, 3656726
2765, 2765, 2765, 2765, 3582688
2770, 2770, 2770, 2770, 3382721
2775, 2775, 2775, 2775, 3363545
2780, 2780, 2780, 2780, 4098894
2785, 2785, 2785, 2785, 3991220
2790, 2790, 2790, 2790, 3712763
2795, 2795, 2795, 2795, 3398091
2800, 2800, 2800, 2800, 3643046
2805, 2805, 2805, 2805, 3380435
2810, 2810, 2810, 2810, 3903005
2815, 2815, 2815, 2815, 4929897
2820, 2820, 2820, 2820, 3939657
2825, 2825, 2825, 2825, 3986492
2830, 2830, 2830, 2830, 4483580
2835, 2835, 2835, 2835, 3633234
2840, 2840, 2840, 2840, 3598748
2845, 2845, 2845, 2845, 3580372
2850, 2850, 2850, 2850, 3658378
2855, 2855, 2855, 2855, 4836296
2860, 2860, 2860, 2860, 4139229
2865, 2865, 2865, 2865, 3603005
2870, 2870, 2870, 2870, 3757058
2875, 2875, 2875, 2875, 3676387
2880, 2880, 2880, 2880, 6006653
2885, 2885, 2885, 2885, 4069439
2890, 2890, 2890, 2890, 4646282
2895, 2895, 2895, 2895, 4363154
2900, 2900, 2900, 2900, 3811337
2905, 2905, 2905, 2905, 3579681
2910, 2910, 2910, 2910, 4057131
2915, 2915, 2915, 2915, 3856176
2920, 2920, 2920, 2920, 3665283
2925, 2925, 2925, 2925, 4538205
2930, 2930, 2930, 2930, 4728087
2935, 2935, 2935, 2935, 4287577
2940, 2940, 2940, 2940, 3724599
2945, 2945, 2945, 2945, 4668455
2950, 2950, 2950, 2950, 5540190
2955, 2955, 2955, 2955, 4756414
2960, 2960, 2960, 2960, 4517024
2965, 2965, 2965, 2965, 3816735
2970, 2970, 2970, 2970, 3768078
2975, 2975, 2975, 2975, 3827706
2980, 2980, 2980, 2980, 3975410
2985, 2985, 2985, 2985, 4131765
2990, 2990, 2990, 2990, 6171447
2995, 2995, 2995, 2995, 6195669
3000, 3000, 3000, 3000, 5726171
3005, 3005, 3005, 3005, 5847705
3010, 3010, 3010, 3010, 4305301
3015, 3015, 3015, 3015, 3963378
3020, 3020, 3020, 3020, 4844801
3025, 3025, 3025, 3025, 4653730
3030, 3030, 3030, 3030, 3966163
3035, 3035, 3035, 3035, 5201711
3040, 3040, 3040, 3040, 4344897
3045, 3045, 3045, 3045, 4793933
3050, 3050, 3050, 3050, 4781497
3055, 3055, 3055, 3055, 3996328
3060, 3060, 3060, 3060, 5474686
3065, 3065, 3065, 3065, 5929787
3070, 3070, 3070, 3070, 4515227
3075, 3075, 3075, 3075, 5145689
3080, 3080, 3080, 3080, 4648594
3085, 3085, 3085, 3085, 3970637
3090, 3090, 3090, 3090, 4849231
3095, 3095, 3095, 3095, 4314646
3100, 3100, 3100, 3100, 5223161
3105, 3105, 3105, 3105, 4786532
3110, 3110, 3110, 3110, 5985462
3115, 3115, 3115, 3115, 5984683
3120, 3120, 3120, 3120, 4586000
3125, 3125, 3125, 3125, 4219950
3130, 3130, 3130, 3130, 5248552
3135, 3135, 3135, 3135, 4905502
3140, 3140, 3140, 3140, 4665844
3145, 3145, 3145, 3145, 5467006
3150, 3150, 3150, 3150, 5476274
3155, 3155, 3155, 3155, 5194505
3160, 3160, 3160, 3160, 4833789
3165, 3165, 3165, 3165, 4676369
3170, 3170, 3170, 3170, 5818211
3175, 3175, 3175, 3175, 5699296
3180, 3180, 3180, 3180, 5152906
3185, 3185, 3185, 3185, 7450693
3190, 3190, 3190, 3190, 4433332
3195, 3195, 3195, 3195, 4952903
3200, 3200, 3200, 3200, 6178577
3205, 3205, 3205, 3205, 5387373
3210, 3210, 3210, 3210, 4496823
3215, 3215, 3215, 3215, 4678918
3220, 3220, 3220, 3220, 6920216
3225, 3225, 3225, 3225, 4894765
3230, 3230, 3230, 3230, 5340975
3235, 3235, 3235, 3235, 4646445
3240, 3240, 3240, 3240, 5064345
3245, 3245, 3245, 3245, 5788414
3250, 3250, 3250, 3250, 5048681
3255, 3255, 3255, 3255, 4763638
3260, 3260, 3260, 3260, 6365213
3265, 3265, 3265, 3265, 5048442
3270, 3270, 3270, 3270, 5942223
3275, 3275, 3275, 3275, 6732329
3280, 3280, 3280, 3280, 5090235
3285, 3285, 3285, 3285, 5241241
3290, 3290, 3290, 3290, 5429334
3295, 3295, 3295, 3295, 6085147
3300, 3300, 3300, 3300, 7264369
3305, 3305, 3305, 3305, 5904414
3310, 3310, 3310, 3310, 6555796
3315, 3315, 3315, 3315, 5420935
3320, 3320, 3320, 3320, 5626761
3325, 3325, 3325, 3325, 5686076
3330, 3330, 3330, 3330, 4814795
3335, 3335, 3335, 3335, 6537594
3340, 3340, 3340, 3340, 6714148
3345, 3345, 3345, 3345, 5650364
3350, 3350, 3350, 3350, 5882513
3355, 3355, 3355, 3355, 5119722
3360, 3360, 3360, 3360, 7041736
3365, 3365, 3365, 3365, 5295128
3370, 3370, 3370, 3370, 5607503
3375, 3375, 3375, 3375, 6937210
3380, 3380, 3380, 3380, 5208596
3385, 3385, 3385, 3385, 6705533
3390, 3390, 3390, 3390, 6777073
3395, 3395, 3395, 3395, 6789528
3400, 3400, 3400, 3400, 6437024
3405, 3405, 3405, 3405, 8435364
3410, 3410, 3410, 3410, 5184913
3415, 3415, 3415, 3415, 6886808
3420, 3420, 3420, 3420, 5015301
3425, 3425, 3425, 3425, 5230794
3430, 3430, 3430, 3430, 5248911
3435, 3435, 3435, 3435, 6483402
3440, 3440, 3440, 3440, 6102726
3445, 3445, 3445, 3445, 7549342
3450, 3450, 3450, 3450, 5195635
3455, 3455, 3455, 3455, 8431627
3460, 3460, 3460, 3460, 6267949
3465, 3465, 3465, 3465, 6769444
3470, 3470, 3470, 3470, 6381023
3475, 3475, 3475, 3475, 6048846
3480, 3480, 3480, 3480, 5399518
3485, 3485, 3485, 3485, 6190192
3490, 3490, 3490, 3490, 6820080
3495, 3495, 3495, 3495, 6970044
3500, 3500, 3500, 3500, 7650505
3505, 3505, 3505, 3505, 6377354
3510, 3510, 3510, 3510, 6128240
3515, 3515, 3515, 3515, 8027181
3520, 3520, 3520, 3520, 6217721
3525, 3525, 3525, 3525, 5442190
3530, 3530, 3530, 3530, 7213531
3535, 3535, 3535, 3535, 5812777
3540, 3540, 3540, 3540, 5605998
3545, 3545, 3545, 3545, 7189532
3550, 3550, 3550, 3550, 9092376
3555, 3555, 3555, 3555, 7207725
3560, 3560, 3560, 3560, 5662408
3565, 3565, 3565, 3565, 6011074
3570, 3570, 3570, 3570, 5567569
3575, 3575, 3575, 3575, 6223529
3580, 3580, 3580, 3580, 6555555
3585, 3585, 3585, 3585, 5672189
3590, 3590, 3590, 3590, 6982660
3595, 3595, 3595, 3595, 6765377
3600, 3600, 3600, 3600, 7680662
3605, 3605, 3605, 3605, 6305019
3610, 3610, 3610, 3610, 8211015
3615, 3615, 3615, 3615, 6918239
3620, 3620, 3620, 3620, 6816687
3625, 3625, 3625, 3625, 5781779
3630, 3630, 3630, 3630, 6965255
3635, 3635, 3635, 3635, 6315063
3640, 3640, 3640, 3640, 6932564
3645, 3645, 3645, 3645, 6303375
3650, 3650, 3650, 3650, 7643741
3655, 3655, 3655, 3655, 7718256
3660, 3660, 3660, 3660, 5751072
3665, 3665, 3665, 3665, 7764858
3670, 3670, 3670, 3670, 6229221
3675, 3675, 3675, 3675, 6037560
3680, 3680, 3680, 3680, 6592666
3685, 3685, 3685, 3685, 6700548
3690, 3690, 3690, 3690, 6022543
3695, 3695, 3695, 3695, 7039377
3700, 3700, 3700, 3700, 7438265
3705, 3705, 3705, 3705, 8606625
3710, 3710, 3710, 3710, 8592202
3715, 3715, 3715, 3715, 7924253
3720, 3720, 3720, 3720, 7170186
3725, 3725, 3725, 3725, 7852857
3730, 3730, 3730, 3730, 6695055
3735, 3735, 3735, 3735, 7162346
3740, 3740, 3740, 3740, 7640339
3745, 3745, 3745, 3745, 7549793
3750, 3750, 3750, 3750, 6785578
3755, 3755, 3755, 3755, 7281570
3760, 3760, 3760, 3760, 8151548
3765, 3765, 3765, 3765, 6056559
3770, 3770, 3770, 3770, 8005851
3775, 3775, 3775, 3775, 7403254
3780, 3780, 3780, 3780, 8592860
3785, 3785, 3785, 3785, 6863956
3790, 3790, 3790, 3790, 6931872
3795, 3795, 3795, 3795, 8561925
3800, 3800, 3800, 3800, 6464341
3805, 3805, 3805, 3805, 6362125
3810, 3810, 3810, 3810, 6826863
3815, 3815, 3815, 3815, 8297499
3820, 3820, 3820, 3820, 6303595
3825, 3825, 3825, 3825, 6489355
3830, 3830, 3830, 3830, 8068378
3835, 3835, 3835, 3835, 8318863
3840, 3840, 3840, 3840, 8108752
3845, 3845, 3845, 3845, 7019066
3850, 3850, 3850, 3850, 8139269
3855, 3855, 3855, 3855, 6648246
3860, 3860, 3860, 3860, 8032433
3865, 3865, 3865, 3865, 9295491
3870, 3870, 3870, 3870, 8713462
3875, 3875, 3875, 3875, 6348695
3880, 3880, 3880, 3880, 7342001
3885, 3885, 3885, 3885, 7173018
3890, 3890, 3890, 3890, 8374711
3895, 3895, 3895, 3895, 7743681
3900, 3900, 3900, 3900, 8154870
3905, 3905, 3905, 3905, 7834538
3910, 3910, 3910, 3910, 8869270
3915, 3915, 3915, 3915, 7439003
3920, 3920, 3920, 3920, 7219251
3925, 3925, 3925, 3925, 8590302
3930, 3930, 3930, 3930, 7748313
3935, 3935, 3935, 3935, 7176685
3940, 3940, 3940, 3940, 8297915
3945, 3945, 3945, 3945, 9011015
3950, 3950, 3950, 3950, 7555545
3955, 3955, 3955, 3955, 7781681
3960, 3960, 3960, 3960, 9184933
3965, 3965, 3965, 3965, 6902452
3970, 3970, 3970, 3970, 7608998
3975, 3975, 3975, 3975, 6769604
3980, 3980, 3980, 3980, 9214410
3985, 3985, 3985, 3985, 9069558
3990, 3990, 3990, 3990, 7731245
3995, 3995, 3995, 3995, 8946530
4000, 4000, 4000, 4000, 8354688
4005, 4005, 4005, 4005, 6913536
4010, 4010, 4010, 4010, 6990039
4015, 4015, 4015, 4015, 8445747
4020, 4020, 4020, 4020, 9153496
4025, 4025, 4025, 4025, 8788940
4030, 4030, 4030, 4030, 7264666
4035, 4035, 4035, 4035, 7740385
4040, 4040, 4040, 4040, 8944164
4045, 4045, 4045, 4045, 7212392
4050, 4050, 4050, 4050, 7461613
4055, 4055, 4055, 4055, 8797102
4060, 4060, 4060, 4060, 7625391
4065, 4065, 4065, 4065, 10380517
4070, 4070, 4070, 4070, 7836087
4075, 4075, 4075, 4075, 8698901
4080, 4080, 4080, 4080, 8285354
4085, 4085, 4085, 4085, 10306981
4090, 4090, 4090, 4090, 7201274
4095, 4095, 4095, 4095, 9593950
4100, 4100, 4100, 4100, 9585867
4105, 4105, 4105, 4105, 7879212
4110, 4110, 4110, 4110, 7486513
4115, 4115, 4115, 4115, 8797438
4120, 4120, 4120, 4120, 10857238
4125, 4125, 4125, 4125, 8969210
4130, 4130, 4130, 4130, 9006794
4135, 4135, 4135, 4135, 10258325
4140, 4140, 4140, 4140, 7346107
4145, 4145, 4145, 4145, 8371099
4150, 4150, 4150, 4150, 7483923
4155, 4155, 4155, 4155, 8184733
4160, 4160, 4160, 4160, 7669119
4165, 4165, 4165, 4165, 9157847
4170, 4170, 4170, 4170, 9302734
4175, 4175, 4175, 4175, 8617365
4180, 4180, 4180, 4180, 7580037
4185, 4185, 4185, 4185, 8348367
4190, 4190, 4190, 4190, 7903289
4195, 4195, 4195, 4195, 9857300
4200, 4200, 4200, 4200, 11330482
4205, 4205, 4205, 4205, 8493578
4210, 4210, 4210, 4210, 7647595
4215, 4215, 4215, 4215, 8181135
4220, 4220, 4220, 4220, 8410303
4225, 4225, 4225, 4225, 10234592
4230, 4230, 4230, 4230, 9938520
4235, 4235, 4235, 4235, 9191573
4240, 4240, 4240, 4240, 9865249
4245, 4245, 4245, 4245, 10109641
4250, 4250, 4250, 4250, 7865007
4255, 4255, 4255, 4255, 8118168
4260, 4260, 4260, 4260, 8549685
4265, 4265, 4265, 4265, 9193580
4270, 4270, 4270, 4270, 8020752
4275, 4275, 4275, 4275, 7729390
4280, 4280, 4280, 4280, 7681731
4285, 4285, 4285, 4285, 9574661
4290, 4290, 4290, 4290, 9498173
4295, 4295, 4295, 4295, 10056838
4300, 4300, 4300, 4300, 8616711
4305, 4305, 4305, 4305, 8142788
4310, 4310, 4310, 4310, 8830253
4315, 4315, 4315, 4315, 11837801
4320, 4320, 4320, 4320, 8797010
4325, 4325, 4325, 4325, 10696904
4330, 4330, 4330, 4330, 11813270
4335, 4335, 4335, 4335, 9226420
4340, 4340, 4340, 4340, 8016061
4345, 4345, 4345, 4345, 8258647
4350, 4350, 4350, 4350, 10705952
4355, 4355, 4355, 4355, 9188538
4360, 4360, 4360, 4360, 9458966
4365, 4365, 4365, 4365, 8345030
4370, 4370, 4370, 4370, 9408255
4375, 4375, 4375, 4375, 11594702
4380, 4380, 4380, 4380, 10014959
4385, 4385, 4385, 4385, 9182255
4390, 4390, 4390, 4390, 8402721
4395, 4395, 4395, 4395, 11023933
4400, 4400, 4400, 4400, 8675249
4405, 4405, 4405, 4405, 11668029
4410, 4410, 4410, 4410, 9151359
4415, 4415, 4415, 4415, 9005052
4420, 4420, 4420, 4420, 9383647
4425, 4425, 4425, 4425, 10969010
4430, 4430, 4430, 4430, 10268007
4435, 4435, 4435, 4435, 11808236
4440, 4440, 4440, 4440, 9110462
4445, 4445, 4445, 4445, 9419662
4450, 4450, 4450, 4450, 9885044
4455, 4455, 4455, 4455, 9811922
4460, 4460, 4460, 4460, 10416612
4465, 4465, 4465, 4465, 9940793
4470, 4470, 4470, 4470, 11403252
4475, 4475, 4475, 4475, 9169982
4480, 4480, 4480, 4480, 9971806
4485, 4485, 4485, 4485, 9331804
4490, 4490, 4490, 4490, 8775367
4495, 4495, 4495, 4495, 12107608
4500, 4500, 4500, 4500, 11080748
4505, 4505, 4505, 4505, 12059469
4510, 4510, 4510, 4510, 11272638
4515, 4515, 4515, 4515, 11215229
4520, 4520, 4520, 4520, 9638662
4525, 4525, 4525, 4525, 10424006
4530, 4530, 4530, 4530, 9033457
4535, 4535, 4535, 4535, 10022923
4540, 4540, 4540, 4540, 9035127
4545, 4545, 4545, 4545, 10875308
4550, 4550, 4550, 4550, 9741686
4555, 4555, 4555, 4555, 11196228
4560, 4560, 4560, 4560, 11117181
4565, 4565, 4565, 4565, 11670861
4570, 4570, 4570, 4570, 11707355
4575, 4575, 4575, 4575, 10652299
4580, 4580, 4580, 4580, 12016048
4585, 4585, 4585, 4585, 9066673
4590, 4590, 4590, 4590, 15280363
4595, 4595, 4595, 4595, 12466174
4600, 4600, 4600, 4600, 12994543
4605, 4605, 4605, 4605, 11215668
4610, 4610, 4610, 4610, 11819765
4615, 4615, 4615, 4615, 11621121
4620, 4620, 4620, 4620, 11818511
4625, 4625, 4625, 4625, 10467825
4630, 4630, 4630, 4630, 11741181
4635, 4635, 4635, 4635, 12202247
4640, 4640, 4640, 4640, 9321159
4645, 4645, 4645, 4645, 10613351
4650, 4650, 4650, 4650, 11960129
4655, 4655, 4655, 4655, 10751608
4660, 4660, 4660, 4660, 11847484
4665, 4665, 4665, 4665, 11730881
4670, 4670, 4670, 4670, 9929504
4675, 4675, 4675, 4675, 11428292
4680, 4680, 4680, 4680, 10530208
4685, 4685, 4685, 4685, 11363031
4690, 4690, 4690, 4690, 9423996
4695, 4695, 4695, 4695, 11103791
4700, 4700, 4700, 4700, 11850557
4705, 4705, 4705, 4705, 12179515
4710, 4710, 4710, 4710, 11522654
4715, 4715, 4715, 4715, 10463192
4720, 4720, 4720, 4720, 12183753
4725, 4725, 4725, 4725, 11574419
4730, 4730, 4730, 4730, 9352954
4735, 4735, 4735, 4735, 11080578
4740, 4740, 4740, 4740, 11786289
4745, 4745, 4745, 4745, 11402722
4750, 4750, 4750, 4750, 12116643
4755, 4755, 4755, 4755, 10933917
4760, 4760, 4760, 4760, 10346045
4765, 4765, 4765, 4765, 11160534
4770, 4770, 4770, 4770, 10835943
4775, 4775, 4775, 4775, 12564569
4780, 4780, 4780, 4780, 12280270
4785, 4785, 4785, 4785, 11677620
4790, 4790, 4790, 4790, 10871685
4795, 4795, 4795, 4795, 14416575
4800, 4800, 4800, 4800, 12394839
4805, 4805, 4805, 4805, 12975715
4810, 4810, 4810, 4810, 11664643
4815, 4815, 4815, 4815, 10026969
4820, 4820, 4820, 4820, 9836665
4825, 4825, 4825, 4825, 10369536
4830, 4830, 4830, 4830, 15286455
4835, 4835, 4835, 4835, 12338353
4840, 4840, 4840, 4840, 14433086
4845, 4845, 4845, 4845, 12333958
4850, 4850, 4850, 4850, 10644957
4855, 4855, 4855, 4855, 12987210
4860, 4860, 4860, 4860, 11957813
4865, 4865, 4865, 4865, 13649963
4870, 4870, 4870, 4870, 12004833
4875, 4875, 4875, 4875, 12769259
4880, 4880, 4880, 4880, 11033271
4885, 4885, 4885, 4885, 12398823
4890, 4890, 4890, 4890, 13953486
4895, 4895, 4895, 4895, 10991285
4900, 4900, 4900, 4900, 11269163
4905, 4905, 4905, 4905, 14031860
4910, 4910, 4910, 4910, 12279342
4915, 4915, 4915, 4915, 11272752
4920, 4920, 4920, 4920, 13028422
4925, 4925, 4925, 4925, 10469383
4930, 4930, 4930, 4930, 13245218
4935, 4935, 4935, 4935, 13116491
4940, 4940, 4940, 4940, 12705526
4945, 4945, 4945, 4945, 11171524
4950, 4950, 4950, 4950, 13258595
4955, 4955, 4955, 4955, 13242395
4960, 4960, 4960, 4960, 12727778
4965, 4965, 4965, 4965, 13376774
4970, 4970, 4970, 4970, 13066278
4975, 4975, 4975, 4975, 13841513
4980, 4980, 4980, 4980, 13964552
4985, 4985, 4985, 4985, 12108676
4990, 4990, 4990, 4990, 13723109
4995, 4995, 4995, 4995, 13067032
5000, 5000, 5000, 5000, 13725822
5005, 5005, 5005, 5005, 12365621
5010, 5010, 5010, 5010, 15012306
5015, 5015, 5015, 5015, 12555143
5020, 5020, 5020, 5020, 15267305
5025, 5025, 5025, 5025, 11682989
5030, 5030, 5030, 5030, 14483805
5035, 5035, 5035, 5035, 12477592
5040, 5040, 5040, 5040, 13908099
5045, 5045, 5045, 5045, 11257249
5050, 5050, 5050, 5050, 14609316
5055, 5055, 5055, 5055, 13628216
5060, 5060, 5060, 5060, 13742992
5065, 5065, 5065, 5065, 13468905
5070, 5070, 5070, 5070, 11147052
5075, 5075, 5075, 5075, 11742140
5080, 5080, 5080, 5080, 15414029
5085, 5085, 5085, 5085, 13853491
5090, 5090, 5090, 5090, 11820668
5095, 5095, 5095, 5095, 13301130
5100, 5100, 5100, 5100, 15818066
5105, 5105, 5105, 5105, 13398287
5110, 5110, 5110, 5110, 13886743
5115, 5115, 5115, 5115, 14090298
5120, 5120, 5120, 5120, 14042612
5125, 5125, 5125, 5125, 15119616
5130, 5130, 5130, 5130, 13327409
5135, 5135, 5135, 5135, 11837365
5140, 5140, 5140, 5140, 13432214
5145, 5145, 5145, 5145, 13397744
5150, 5150, 5150, 5150, 13668726
5155, 5155, 5155, 5155, 15279745
5160, 5160, 5160, 5160, 14129375
5165, 5165, 5165, 5165, 13367890
5170, 5170, 5170, 5170, 14302574
5175, 5175, 5175, 5175, 13550442
5180, 5180, 5180, 5180, 15578331
5185, 5185, 5185, 5185, 13854176
5190, 5190, 5190, 5190, 11996974
5195, 5195, 5195, 5195, 12547332
5200, 5200, 5200, 5200, 13175677
5205, 5205, 5205, 5205, 14021887
5210, 5210, 5210, 5210, 15329506
5215, 5215, 5215, 5215, 16042593
5220, 5220, 5220, 5220, 14389221
5225, 5225, 5225, 5225, 13747239
5230, 5230, 5230, 5230, 13209862
5235, 5235, 5235, 5235, 13731270
5240, 5240, 5240, 5240, 13430062
5245, 5245, 5245, 5245, 14367860
5250, 5250, 5250, 5250, 13874700
5255, 5255, 5255, 5255, 14754415
5260, 5260, 5260, 5260, 14673733
5265, 5265, 5265, 5265, 13007337
5270, 5270, 5270, 5270, 13641619
5275, 5275, 5275, 5275, 16197027
5280, 5280, 5280, 5280, 14187973
5285, 5285, 5285, 5285, 16288592
5290, 5290, 5290, 5290, 14712255
5295, 5295, 5295, 5295, 15561857
5300, 5300, 5300, 5300, 15230388
5305, 5305, 5305, 5305, 14600922
5310, 5310, 5310, 5310, 14507104
5315, 5315, 5315, 5315, 14203120
5320, 5320, 5320, 5320, 15265417
5325, 5325, 5325, 5325, 14256765
5330, 5330, 5330, 5330, 14376814
5335, 5335, 5335, 5335, 14956354
5340, 5340, 5340, 5340, 13545538
5345, 5345, 5345, 5345, 14297680
5350, 5350, 5350, 5350, 14031854
5355, 5355, 5355, 5355, 14423905
5360, 5360, 5360, 5360, 13619960
5365, 5365, 5365, 5365, 14971490
5370, 5370, 5370, 5370, 17947729
5375, 5375, 5375, 5375, 15276003
5380, 5380, 5380, 5380, 15326049
5385, 5385, 5385, 5385, 14913345
5390, 5390, 5390, 5390, 14347658
5395, 5395, 5395, 5395, 14713465
5400, 5400, 5400, 5400, 14968871
5405, 5405, 5405, 5405, 14291928
5410, 5410, 5410, 5410, 15580626
5415, 5415, 5415, 5415, 13355869
5420, 5420, 5420, 5420, 17141407
5425, 5425, 5425, 5425, 14785319
5430, 5430, 5430, 5430, 15546593
5435, 5435, 5435, 5435, 14701940
5440, 5440, 5440, 5440, 16072456
5445, 5445, 5445, 5445, 14400227
5450, 5450, 5450, 5450, 12542154
5455, 5455, 5455, 5455, 14394741
5460, 5460, 5460, 5460, 14774767
5465, 5465, 5465, 5465, 14447271
5470, 5470, 5470, 5470, 13567362
5475, 5475, 5475, 5475, 15045363
5480, 5480, 5480, 5480, 15240490
5485, 5485, 5485, 5485, 13756329
5490, 5490, 5490, 5490, 17467467
5495, 5495, 5495, 5495, 15854523
5500, 5500, 5500, 5500, 19244130
5505, 5505, 5505, 5505, 17454001
5510, 5510, 5510, 5510, 15569402
5515, 5515, 5515, 5515, 14126168
5520, 5520, 5520, 5520, 15118155
5525, 5525, 5525, 5525, 15792369
5530, 5530, 5530, 5530, 13360829
5535, 5535, 5535, 5535, 15411136
5540, 5540, 5540, 5540, 17487135
5545, 5545, 5545, 5545, 17862634
5550, 5550, 5550, 5550, 15775866
5555, 5555, 5555, 5555, 15513802
5560, 5560, 5560, 5560, 17980351
5565, 5565, 5565, 5565, 15433305
5570, 5570, 5570, 5570, 14213465
5575, 5575, 5575, 5575, 13997765
5580, 5580, 5580, 5580, 16201000
5585, 5585, 5585, 5585, 16659598
5590, 5590, 5590, 5590, 18019748
5595, 5595, 5595, 5595, 24260780
5600, 5600, 5600, 5600, 15182865
5605, 5605, 5605, 5605, 15621079
5610, 5610, 5610, 5610, 14567379
5615, 5615, 5615, 5615, 16723315
5620, 5620, 5620, 5620, 16536041
5625, 5625, 5625, 5625, 20298049
5630, 5630, 5630, 5630, 17242177
5635, 5635, 5635, 5635, 15868139
5640, 5640, 5640, 5640, 14843270
5645, 5645, 5645, 5645, 16676562
5650, 5650, 5650, 5650, 14330882
5655, 5655, 5655, 5655, 15459751
5660, 5660, 5660, 5660, 19195386
5665, 5665, 5665, 5665, 19162018
5670, 5670, 5670, 5670, 19955026
5675, 5675, 5675, 5675, 13938546
5680, 5680, 5680, 5680, 18152292
5685, 5685, 5685, 5685, 18060166
5690, 5690, 5690, 5690, 17093539
5695, 5695, 5695, 5695, 14677595
5700, 5700, 5700, 5700, 14691982
5705, 5705, 5705, 5705, 16258781
5710, 5710, 5710, 5710, 15630782
5715, 5715, 5715, 5715, 16440729
5720, 5720, 5720, 5720, 15491718
5725, 5725, 5725, 5725, 15131363
5730, 5730, 5730, 5730, 16354169
5735, 5735, 5735, 5735, 16676620
5740, 5740, 5740, 5740, 19454486
5745, 5745, 5745, 5745, 16601452
5750, 5750, 5750, 5750, 16343533
5755, 5755, 5755, 5755, 17403277
5760, 5760, 5760, 5760, 14823185
5765, 5765, 5765, 5765, 15362801
5770, 5770, 5770, 5770, 15548137
5775, 5775, 5775, 5775, 18818346
5780, 5780, 5780, 5780, 16530068
5785, 5785, 5785, 5785, 16786675
5790, 5790, 5790, 5790, 17213562
5795, 5795, 5795, 5795, 14973138
5800, 5800, 5800, 5800, 14761023
5805, 5805, 5805, 5805, 18381656
5810, 5810, 5810, 5810, 17877734
5815, 5815, 5815, 5815, 18611520
5820, 5820, 5820, 5820, 16150196
5825, 5825, 5825, 5825, 17601753
5830, 5830, 5830, 5830, 16863821
5835, 5835, 5835, 5835, 14768708
5840, 5840, 5840, 5840, 16754695
5845, 5845, 5845, 5845, 16644258
5850, 5850, 5850, 5850, 18097725
5855, 5855, 5855, 5855, 20535130
5860, 5860, 5860, 5860, 16918104
5865, 5865, 5865, 5865, 17103120
5870, 5870, 5870, 5870, 18809149
5875, 5875, 5875, 5875, 18897997
5880, 5880, 5880, 5880, 18868592
5885, 5885, 5885, 5885, 17152993
5890, 5890, 5890, 5890, 17670461
5895, 5895, 5895, 5895, 16997159
5900, 5900, 5900, 5900, 19899062
5905, 5905, 5905, 5905, 15988445
5910, 5910, 5910, 5910, 17102953
5915, 5915, 5915, 5915, 20896939
5920, 5920, 5920, 5920, 15976202
5925, 5925, 5925, 5925, 17151036
5930, 5930, 5930, 5930, 17588206
5935, 5935, 5935, 5935, 20738491
5940, 5940, 5940, 5940, 16507646
5945, 5945, 5945, 5945, 16918744
5950, 5950, 5950, 5950, 17960833
5955, 5955, 5955, 5955, 17259272
5960, 5960, 5960, 5960, 16516549
5965, 5965, 5965, 5965, 19227556
5970, 5970, 5970, 5970, 16233467
5975, 5975, 5975, 5975, 19207022
5980, 5980, 5980, 5980, 17202305
5985, 5985, 5985, 5985, 18107751
5990, 5990, 5990, 5990, 17661095
5995, 5995, 5995, 5995, 16718564
6000, 6000, 6000, 6000, 18649999
6005, 6005, 6005, 6005, 20773483
6010, 6010, 6010, 6010, 20419738
6015, 6015, 6015, 6015, 19509950
6020, 6020, 6020, 6020, 17348167
6025, 6025, 6025, 6025, 15928353
6030, 6030, 6030, 6030, 18595331
6035, 6035, 6035, 6035, 19452772
6040, 6040, 6040, 6040, 18322045
6045, 6045, 6045, 6045, 19876371
6050, 6050, 6050, 6050, 15755500
6055, 6055, 6055, 6055, 17544211
6060, 6060, 6060, 6060, 18465852
6065, 6065, 6065, 6065, 19259275
6070, 6070, 6070, 6070, 18642635
6075, 6075, 6075, 6075, 20750413
6080, 6080, 6080, 6080, 21048082
6085, 6085, 6085, 6085, 17381473
6090, 6090, 6090, 6090, 19076679
6095, 6095, 6095, 6095, 21268900
6100, 6100, 6100, 6100, 19071347
6105, 6105, 6105, 6105, 19579969
6110, 6110, 6110, 6110, 21806280
6115, 6115, 6115, 6115, 16478297
6120, 6120, 6120, 6120, 22002614
6125, 6125, 6125, 6125, 18655466
6130, 6130, 6130, 6130, 17687793
6135, 6135, 6135, 6135, 19711329
6140, 6140, 6140, 6140, 18655231
6145, 6145, 6145, 6145, 18927984
6150, 6150, 6150, 6150, 18240552
6155, 6155, 6155, 6155, 17646604
6160, 6160, 6160, 6160, 20938841
6165, 6165, 6165, 6165, 22642454
6170, 6170, 6170, 6170, 20439606
6175, 6175, 6175, 6175, 21916636
6180, 6180, 6180, 6180, 18951209
6185, 6185, 6185, 6185, 18866545
6190, 6190, 6190, 6190, 17946378
6195, 6195, 6195, 6195, 19768612
6200, 6200, 6200, 6200, 20897455
6205, 6205, 6205, 6205, 22042586
6210, 6210, 6210, 6210, 17653417
6215, 6215, 6215, 6215, 21504311
6220, 6220, 6220, 6220, 18735434
6225, 6225, 6225, 6225, 16897335
6230, 6230, 6230, 6230, 22562852
6235, 6235, 6235, 6235, 17723267
6240, 6240, 6240, 6240, 20579336
6245, 6245, 6245, 6245, 19101359
6250, 6250, 6250, 6250, 21847082
6255, 6255, 6255, 6255, 20466982
6260, 6260, 6260, 6260, 17792882
6265, 6265, 6265, 6265, 20530078
6270, 6270, 6270, 6270, 19978539
6275, 6275, 6275, 6275, 18038468
6280, 6280, 6280, 6280, 21918996
6285, 6285, 6285, 6285, 20500656
6290, 6290, 6290, 6290, 20512469
6295, 6295, 6295, 6295, 20217476
6300, 6300, 6300, 6300, 20783378
6305, 6305, 6305, 6305, 19341445
6310, 6310, 6310, 6310, 20991416
6315, 6315, 6315, 6315, 20522264
6320, 6320, 6320, 6320, 21795027
6325, 6325, 6325, 6325, 21339839
6330, 6330, 6330, 6330, 21627803
6335, 6335, 6335, 6335, 19850752
6340, 6340, 6340, 6340, 21982729
6345, 6345, 6345, 6345, 21521892
6350, 6350, 6350, 6350, 21606241
6355, 6355, 6355, 6355, 21033161
6360, 6360, 6360, 6360, 20744741
6365, 6365, 6365, 6365, 21868658
6370, 6370, 6370, 6370, 22571390
6375, 6375, 6375, 6375, 19939384
6380, 6380, 6380, 6380, 22536543
6385, 6385, 6385, 6385, 22349974
6390, 6390, 6390, 6390, 21364928
6395, 6395, 6395, 6395, 21984702
6400, 6400, 6400, 6400, 17227828
6405, 6405, 6405, 6405, 22968561
6410, 6410, 6410, 6410, 21533425
6415, 6415, 6415, 6415, 20490563
6420, 6420, 6420, 6420, 19588646
6425, 6425, 6425, 6425, 20769040
6430, 6430, 6430, 6430, 20032798
6435, 6435, 6435, 6435, 19199813
6440, 6440, 6440, 6440, 23158789
6445, 6445, 6445, 6445, 22260475
6450, 6450, 6450, 6450, 22200914
6455, 6455, 6455, 6455, 22955250
6460, 6460, 6460, 6460, 23091878
6465, 6465, 6465, 6465, 21827700
6470, 6470, 6470, 6470, 20209026
6475, 6475, 6475, 6475, 22595032
6480, 6480, 6480, 6480, 21549212
6485, 6485, 6485, 6485, 24750575
6490, 6490, 6490, 6490, 22108269
6495, 6495, 6495, 6495, 22572911
6500, 6500, 6500, 6500, 21438408
6505, 6505, 6505, 6505, 21778418
6510, 6510, 6510, 6510, 23237474
6515, 6515, 6515, 6515, 20556168
6520, 6520, 6520, 6520, 22520380
6525, 6525, 6525, 6525, 21686457
6530, 6530, 6530, 6530, 22270683
6535, 6535, 6535, 6535, 26354211
6540, 6540, 6540, 6540, 21774264
6545, 6545, 6545, 6545, 23060708
6550, 6550, 6550, 6550, 23252125
6555, 6555, 6555, 6555, 21360756
6560, 6560, 6560, 6560, 23769991
6565, 6565, 6565, 6565, 23060518
6570, 6570, 6570, 6570, 23592378
6575, 6575, 6575, 6575, 23879486
6580, 6580, 6580, 6580, 20895536
6585, 6585, 6585, 6585, 23814988
6590, 6590, 6590, 6590, 26727342
6595, 6595, 6595, 6595, 21440513
6600, 6600, 6600, 6600, 21911351
6605, 6605, 6605, 6605, 21582765
6610, 6610, 6610, 6610, 20773000
6615, 6615, 6615, 6615, 24883068
6620, 6620, 6620, 6620, 25623493
6625, 6625, 6625, 6625, 22579555
6630, 6630, 6630, 6630, 24242111
6635, 6635, 6635, 6635, 22007361
6640, 6640, 6640, 6640, 23098582
6645, 6645, 6645, 6645, 23711807
6650, 6650, 6650, 6650, 23624845
6655, 6655, 6655, 6655, 23906935
6660, 6660, 6660, 6660, 23348955
6665, 6665, 6665, 6665, 24952740
6670, 6670, 6670, 6670, 21894564
6675, 6675, 6675, 6675, 25928857
6680, 6680, 6680, 6680, 19867257
6685, 6685, 6685, 6685, 21254841
6690, 6690, 6690, 6690, 23828691
6695, 6695, 6695, 6695, 25118142
6700, 6700, 6700, 6700, 23903731
6705, 6705, 6705, 6705, 24761264
6710, 6710, 6710, 6710, 24046519
6715, 6715, 6715, 6715, 23324867
6720, 6720, 6720, 6720, 27662569
6725, 6725, 6725, 6725, 24345602
6730, 6730, 6730, 6730, 21664587
6735, 6735, 6735, 6735, 24330704
6740, 6740, 6740, 6740, 24760606
6745, 6745, 6745, 6745, 19877110
6750, 6750, 6750, 6750, 21962568
6755, 6755, 6755, 6755, 26292494
6760, 6760, 6760, 6760, 24432246
6765, 6765, 6765, 6765, 25014813
6770, 6770, 6770, 6770, 23630850
6775, 6775, 6775, 6775, 22382008
6780, 6780, 6780, 6780, 20965843
6785, 6785, 6785, 6785, 23638316
6790, 6790, 6790, 6790, 24850781
6795, 6795, 6795, 6795, 25305964
6800, 6800, 6800, 6800, 25922483
6805, 6805, 6805, 6805, 20961324
6810, 6810, 6810, 6810, 22466491
6815, 6815, 6815, 6815, 23058923
6820, 6820, 6820, 6820, 25579852
6825, 6825, 6825, 6825, 24559914
6830, 6830, 6830, 6830, 24467229
6835, 6835, 6835, 6835, 19648641
6840, 6840, 6840, 6840, 22969905
6845, 6845, 6845, 6845, 25848473
6850, 6850, 6850, 6850, 21543747
6855, 6855, 6855, 6855, 23892847
6860, 6860, 6860, 6860, 21993373
6865, 6865, 6865, 6865, 25268665
6870, 6870, 6870, 6870, 24824531
6875, 6875, 6875, 6875, 24181848
6880, 6880, 6880, 6880, 21681229
6885, 6885, 6885, 6885, 27016915
6890, 6890, 6890, 6890, 24769865
6895, 6895, 6895, 6895, 22593011
6900, 6900, 6900, 6900, 26172305
6905, 6905, 6905, 6905, 23539856
6910, 6910, 6910, 6910, 23881321
6915, 6915, 6915, 6915, 26890760
6920, 6920, 6920, 6920, 24654986
6925, 6925, 6925, 6925, 25811055
6930, 6930, 6930, 6930, 23724489
6935, 6935, 6935, 6935, 24142617
6940, 6940, 6940, 6940, 24297797
6945, 6945, 6945, 6945, 27509916
6950, 6950, 6950, 6950, 26507524
6955, 6955, 6955, 6955, 25925567
6960, 6960, 6960, 6960, 28161109
6965, 6965, 6965, 6965, 23268067
6970, 6970, 6970, 6970, 27923834
6975, 6975, 6975, 6975, 27800409
6980, 6980, 6980, 6980, 25034281
6985, 6985, 6985, 6985, 23438080
6990, 6990, 6990, 6990, 23794285
6995, 6995, 6995, 6995, 26689284
7000, 7000, 7000, 7000, 22786245
7005, 7005, 7005, 7005, 22719880
7010, 7010, 7010, 7010, 26919830
7015, 7015, 7015, 7015, 24519349
7020, 7020, 7020, 7020, 26190370
7025, 7025, 7025, 7025, 27350504
7030, 7030, 7030, 7030, 24196506
7035, 7035, 7035, 7035, 26142793
7040, 7040, 7040, 7040, 24878314
7045, 7045, 7045, 7045, 24180392
7050, 7050, 7050, 7050, 26305774
7055, 7055, 7055, 7055, 25767208
7060, 7060, 7060, 7060, 22950398
7065, 7065, 7065, 7065, 24999410
7070, 7070, 7070, 7070, 23284483
7075, 7075, 7075, 7075, 21593850
7080, 7080, 7080, 7080, 25040446
7085, 7085, 7085, 7085, 24360582
7090, 7090, 7090, 7090, 25968008
7095, 7095, 7095, 7095, 26188818
7100, 7100, 7100, 7100, 26647523
7105, 7105, 7105, 7105, 29250521
7110, 7110, 7110, 7110, 26468223
7115, 7115, 7115, 7115, 27738998
7120, 7120, 7120, 7120, 28098300
7125, 7125, 7125, 7125, 25400329
7130, 7130, 7130, 7130, 26643305
7135, 7135, 7135, 7135, 28201665
7140, 7140, 7140, 7140, 25331171
7145, 7145, 7145, 7145, 24646315
7150, 7150, 7150, 7150, 26998027
7155, 7155, 7155, 7155, 29868938
7160, 7160, 7160, 7160, 29313177
7165, 7165, 7165, 7165, 23534819
7170, 7170, 7170, 7170, 26903290
7175, 7175, 7175, 7175, 26887209
7180, 7180, 7180, 7180, 27221434
7185, 7185, 7185, 7185, 27346500
7190, 7190, 7190, 7190, 28522558
7195, 7195, 7195, 7195, 26514249
7200, 7200, 7200, 7200, 24831572
7205, 7205, 7205, 7205, 24659707
7210, 7210, 7210, 7210, 29325601
7215, 7215, 7215, 7215, 28803599
7220, 7220, 7220, 7220, 27839162
7225, 7225, 7225, 7225, 27936751
7230, 7230, 7230, 7230, 28168331
7235, 7235, 7235, 7235, 25076496
7240, 7240, 7240, 7240, 28078533
7245, 7245, 7245, 7245, 25554606
7250, 7250, 7250, 7250, 26603015
7255, 7255, 7255, 7255, 26253010
7260, 7260, 7260, 7260, 27548256
7265, 7265, 7265, 7265, 27040758
7270, 7270, 7270, 7270, 27392808
7275, 7275, 7275, 7275, 27595105
7280, 7280, 7280, 7280, 28779789
7285, 7285, 7285, 7285, 26697402
7290, 7290, 7290, 7290, 28170784
7295, 7295, 7295, 7295, 27436366
7300, 7300, 7300, 7300, 28452270
7305, 7305, 7305, 7305, 28120106
7310, 7310, 7310, 7310, 26000152
7315, 7315, 7315, 7315, 28505927
7320, 7320, 7320, 7320, 26130940
7325, 7325, 7325, 7325, 25493257
7330, 7330, 7330, 7330, 26737818
7335, 7335, 7335, 7335, 25369777
7340, 7340, 7340, 7340, 26738440
7345, 7345, 7345, 7345, 29415324
7350, 7350, 7350, 7350, 29146106
7355, 7355, 7355, 7355, 27377081
7360, 7360, 7360, 7360, 26424147
7365, 7365, 7365, 7365, 26799784
7370, 7370, 7370, 7370, 24547938
7375, 7375, 7375, 7375, 28317783
7380, 7380, 7380, 7380, 29413558
7385, 7385, 7385, 7385, 30013406
7390, 7390, 7390, 7390, 23632272
7395, 7395, 7395, 7395, 29826295
7400, 7400, 7400, 7400, 26600081
7405, 7405, 7405, 7405, 27894796
7410, 7410, 7410, 7410, 30124879
7415, 7415, 7415, 7415, 32352365
7420, 7420, 7420, 7420, 31530588
7425, 7425, 7425, 7425, 28233874
7430, 7430, 7430, 7430, 29921582
7435, 7435, 7435, 7435, 26701357
7440, 7440, 7440, 7440, 25992238
7445, 7445, 7445, 7445, 30726043
7450, 7450, 7450, 7450, 27661803
7455, 7455, 7455, 7455, 32697912
7460, 7460, 7460, 7460, 29373635
7465, 7465, 7465, 7465, 31427259
7470, 7470, 7470, 7470, 31315728
7475, 7475, 7475, 7475, 29482734
7480, 7480, 7480, 7480, 29193636
7485, 7485, 7485, 7485, 28960215
7490, 7490, 7490, 7490, 27320016
7495, 7495, 7495, 7495, 31903102
7500, 7500, 7500, 7500, 28833462
7505, 7505, 7505, 7505, 28538670
7510, 7510, 7510, 7510, 31217313
7515, 7515, 7515, 7515, 30224518
7520, 7520, 7520, 7520, 29986155
7525, 7525, 7525, 7525, 28807181
7530, 7530, 7530, 7530, 27444354
7535, 7535, 7535, 7535, 34744082
7540, 7540, 7540, 7540, 26012818
7545, 7545, 7545, 7545, 28274315
7550, 7550, 7550, 7550, 30720465
7555, 7555, 7555, 7555, 27507179
7560, 7560, 7560, 7560, 32936970
7565, 7565, 7565, 7565, 27915617
7570, 7570, 7570, 7570, 28070590
7575, 7575, 7575, 7575, 27626268
7580, 7580, 7580, 7580, 31307436
7585, 7585, 7585, 7585, 30280994
7590, 7590, 7590, 7590, 29821756
7595, 7595, 7595, 7595, 29667195
7600, 7600, 7600, 7600, 32017593
7605, 7605, 7605, 7605, 30988310
7610, 7610, 7610, 7610, 30454995
7615, 7615, 7615, 7615, 25422474
7620, 7620, 7620, 7620, 29163441
7625, 7625, 7625, 7625, 30731159
7630, 7630, 7630, 7630, 30129452
7635, 7635, 7635, 7635, 29602669
7640, 7640, 7640, 7640, 34778262
7645, 7645, 7645, 7645, 32426827
7650, 7650, 7650, 7650, 33694964
7655, 7655, 7655, 7655, 33544251
7660, 7660, 7660, 7660, 28699172
7665, 7665, 7665, 7665, 28939491
7670, 7670, 7670, 7670, 33403201
7675, 7675, 7675, 7675, 29056298
7680, 7680, 7680, 7680, 31849138
7685, 7685, 7685, 7685, 32720008
7690, 7690, 7690, 7690, 33076249
7695, 7695, 7695, 7695, 34065181
7700, 7700, 7700, 7700, 32678491
7705, 7705, 7705, 7705, 31386637
7710, 7710, 7710, 7710, 31020234
7715, 7715, 7715, 7715, 26309748
7720, 7720, 7720, 7720, 30091466
7725, 7725, 7725, 7725, 30708316
7730, 7730, 7730, 7730, 33010504
7735, 7735, 7735, 7735, 32904046
7740, 7740, 7740, 7740, 29090278
7745, 7745, 7745, 7745, 30554589
7750, 7750, 7750, 7750, 29103535
7755, 7755, 7755, 7755, 32347863
7760, 7760, 7760, 7760, 33250721
7765, 7765, 7765, 7765, 30930247
7770, 7770, 7770, 7770, 34481834
7775, 7775, 7775, 7775, 33979127
7780, 7780, 7780, 7780, 30128412
7785, 7785, 7785, 7785, 31644291
7790, 7790, 7790, 7790, 30188853
7795, 7795, 7795, 7795, 29297828
7800, 7800, 7800, 7800, 28777894
7805, 7805, 7805, 7805, 30029832
7810, 7810, 7810, 7810, 31055036
7815, 7815, 7815, 7815, 30693449
7820, 7820, 7820, 7820, 30841177
7825, 7825, 7825, 7825, 32580893
7830, 7830, 7830, 7830, 30930291
7835, 7835, 7835, 7835, 29393950
7840, 7840, 7840, 7840, 33499893
7845, 7845, 7845, 7845, 31411131
7850, 7850, 7850, 7850, 32273765
7855, 7855, 7855, 7855, 33510462
7860, 7860, 7860, 7860, 30670367
7865, 7865, 7865, 7865, 37847675
7870, 7870, 7870, 7870, 34028576
7875, 7875, 7875, 7875, 33319570
7880, 7880, 7880, 7880, 35222480
7885, 7885, 7885, 7885, 27063620
7890, 7890, 7890, 7890, 29038832
7895, 7895, 7895, 7895, 28504225
7900, 7900, 7900, 7900, 33009550
7905, 7905, 7905, 7905, 31525025
7910, 7910, 7910, 7910, 32390177
7915, 7915, 7915, 7915, 34163440
7920, 7920, 7920, 7920, 30178109
7925, 7925, 7925, 7925, 29084081
7930, 7930, 7930, 7930, 31240435
7935, 7935, 7935, 7935, 29979506
7940, 7940, 7940, 7940, 29945543
7945, 7945, 7945, 7945, 29389450
7950, 7950, 7950, 7950, 32055941
7955, 7955, 7955, 7955, 34065289
7960, 7960, 7960, 7960, 34125586
7965, 7965, 7965, 7965, 30146378
7970, 7970, 7970, 7970, 34588812
7975, 7975, 7975, 7975, 29905775
7980, 7980, 7980, 7980, 30486051
7985, 7985, 7985, 7985, 31119219
7990, 7990, 7990, 7990, 32966307
7995, 7995, 7995, 7995, 30348715
8000, 8000, 8000, 8000, 34208598
8005, 8005, 8005, 8005, 30945409
8010, 8010, 8010, 8010, 30426007
8015, 8015, 8015, 8015, 32097363
8020, 8020, 8020, 8020, 33277790
8025, 8025, 8025, 8025, 33050995
8030, 8030, 8030, 8030, 35839618
8035, 8035, 8035, 8035, 32184515
8040, 8040, 8040, 8040, 32862790
8045, 8045, 8045, 8045, 28954879
8050, 8050, 8050, 8050, 31472564
8055, 8055, 8055, 8055, 35788114
8060, 8060, 8060, 8060, 34993884
8065, 8065, 8065, 8065, 31484574
8070, 8070, 8070, 8070, 33733173
8075, 8075, 8075, 8075, 32658576
8080, 8080, 8080, 8080, 34918656
8085, 8085, 8085, 8085, 33482071
8090, 8090, 8090, 8090, 36788546
8095, 8095, 8095, 8095, 30189692
8100, 8100, 8100, 8100, 35008358
8105, 8105, 8105, 8105, 35387992
8110, 8110, 8110, 8110, 36085060
8115, 8115, 8115, 8115, 36474641
8120, 8120, 8120, 8120, 34958756
8125, 8125, 8125, 8125, 31777531
8130, 8130, 8130, 8130, 36222427
8135, 8135, 8135, 8135, 34753473
8140, 8140, 8140, 8140, 33832932
8145, 8145, 8145, 8145, 32581496
8150, 8150, 8150, 8150, 39193317
8155, 8155, 8155, 8155, 34412720
8160, 8160, 8160, 8160, 34492696
8165, 8165, 8165, 8165, 29942424
8170, 8170, 8170, 8170, 33715759
8175, 8175, 8175, 8175, 36182590
8180, 8180, 8180, 8180, 36191609
8185, 8185, 8185, 8185, 35487124
8190, 8190, 8190, 8190, 33855085
8195, 8195, 8195, 8195, 32522562
8200, 8200, 8200, 8200, 36432796
8205, 8205, 8205, 8205, 34633814
8210, 8210, 8210, 8210, 33376848
8215, 8215, 8215, 8215, 39071890
8220, 8220, 8220, 8220, 34405993
8225, 8225, 8225, 8225, 32202600
8230, 8230, 8230, 8230, 35356053
8235, 8235, 8235, 8235, 35558828
8240, 8240, 8240, 8240, 37380202
8245, 8245, 8245, 8245, 36382865
8250, 8250, 8250, 8250, 38736091
8255, 8255, 8255, 8255, 36289882
8260, 8260, 8260, 8260, 32884548
8265, 8265, 8265, 8265, 34320987
8270, 8270, 8270, 8270, 35997748
8275, 8275, 8275, 8275, 36771457
8280, 8280, 8280, 8280, 34420418
8285, 8285, 8285, 8285, 37673421
8290, 8290, 8290, 8290, 33506703
8295, 8295, 8295, 8295, 36564944
8300, 8300, 8300, 8300, 37821320
8305, 8305, 8305, 8305, 31496705
8310, 8310, 8310, 8310, 37038168
8315, 8315, 8315, 8315, 38644322
8320, 8320, 8320, 8320, 35630488
8325, 8325, 8325, 8325, 36624381
8330, 8330, 8330, 8330, 34402636
8335, 8335, 8335, 8335, 32027672
8340, 8340, 8340, 8340, 37834976
8345, 8345, 8345, 8345, 36555080
8350, 8350, 8350, 8350, 35191773
8355, 8355, 8355, 8355, 34545232
8360, 8360, 8360, 8360, 35436313
8365, 8365, 8365, 8365, 35476956
8370, 8370, 8370, 8370, 34046082
8375, 8375, 8375, 8375, 34627170
8380, 8380, 8380, 8380, 34965793
8385, 8385, 8385, 8385, 36095638
8390, 8390, 8390, 8390, 37286698
8395, 8395, 8395, 8395, 35866543
8400, 8400, 8400, 8400, 35025874
8405, 8405, 8405, 8405, 38760835
8410, 8410, 8410, 8410, 36615696
8415, 8415, 8415, 8415, 36597942
8420, 8420, 8420, 8420, 35277905
8425, 8425, 8425, 8425, 37300943
8430, 8430, 8430, 8430, 34556181
8435, 8435, 8435, 8435, 39914995
8440, 8440, 8440, 8440, 39418543
8445, 8445, 8445, 8445, 35811484
8450, 8450, 8450, 8450, 35641692
8455, 8455, 8455, 8455, 37606278
8460, 8460, 8460, 8460, 39413074
8465, 8465, 8465, 8465, 39101998
8470, 8470, 8470, 8470, 34601276
8475, 8475, 8475, 8475, 36157261
8480, 8480, 8480, 8480, 35848508
8485, 8485, 8485, 8485, 34957932
8490, 8490, 8490, 8490, 35891263
8495, 8495, 8495, 8495, 36925418
8500, 8500, 8500, 8500, 38829136
8505, 8505, 8505, 8505, 33612950
8510, 8510, 8510, 8510, 38615465
8515, 8515, 8515, 8515, 35939366
8520, 8520, 8520, 8520, 34287932
8525, 8525, 8525, 8525, 40560683
8530, 8530, 8530, 8530, 38172015
8535, 8535, 8535, 8535, 37360371
8540, 8540, 8540, 8540, 36437689
8545, 8545, 8545, 8545, 38496802
8550, 8550, 8550, 8550, 41314003
8555, 8555, 8555, 8555, 38448918
8560, 8560, 8560, 8560, 37843717
8565, 8565, 8565, 8565, 35970286
8570, 8570, 8570, 8570, 40243387
8575, 8575, 8575, 8575, 35539204
8580, 8580, 8580, 8580, 36814550
8585, 8585, 8585, 8585, 38219871
8590, 8590, 8590, 8590, 37270758
8595, 8595, 8595, 8595, 34970508
8600, 8600, 8600, 8600, 41701911
8605, 8605, 8605, 8605, 37888659
8610, 8610, 8610, 8610, 38989052
8615, 8615, 8615, 8615, 39000013
8620, 8620, 8620, 8620, 38279532
8625, 8625, 8625, 8625, 41773483
8630, 8630, 8630, 8630, 38915357
8635, 8635, 8635, 8635, 38168839
8640, 8640, 8640, 8640, 36079967
8645, 8645, 8645, 8645, 39617373
8650, 8650, 8650, 8650, 41029965
8655, 8655, 8655, 8655, 38920074
8660, 8660, 8660, 8660, 38132613
8665, 8665, 8665, 8665, 37855206
8670, 8670, 8670, 8670, 41211394
8675, 8675, 8675, 8675, 40702896
8680, 8680, 8680, 8680, 40294256
8685, 8685, 8685, 8685, 39145181
8690, 8690, 8690, 8690, 36638847
8695, 8695, 8695, 8695, 41759450
8700, 8700, 8700, 8700, 38717865
8705, 8705, 8705, 8705, 38507865
8710, 8710, 8710, 8710, 39656010
8715, 8715, 8715, 8715, 41728550
8720, 8720, 8720, 8720, 36066483
8725, 8725, 8725, 8725, 42518259
8730, 8730, 8730, 8730, 39573017
8735, 8735, 8735, 8735, 36097663
8740, 8740, 8740, 8740, 37948595
8745, 8745, 8745, 8745, 40749592
8750, 8750, 8750, 8750, 43173477
8755, 8755, 8755, 8755, 38073202
8760, 8760, 8760, 8760, 38332770
8765, 8765, 8765, 8765, 39666162
8770, 8770, 8770, 8770, 38479823
8775, 8775, 8775, 8775, 39618661
8780, 8780, 8780, 8780, 43237651
8785, 8785, 8785, 8785, 37893351
8790, 8790, 8790, 8790, 40418097
8795, 8795, 8795, 8795, 35781916
8800, 8800, 8800, 8800, 39216052
8805, 8805, 8805, 8805, 37043404
8810, 8810, 8810, 8810, 38908439
8815, 8815, 8815, 8815, 42365940
8820, 8820, 8820, 8820, 38284737
8825, 8825, 8825, 8825, 42209811
8830, 8830, 8830, 8830, 41515375
8835, 8835, 8835, 8835, 43725653
8840, 8840, 8840, 8840, 40992585
8845, 8845, 8845, 8845, 37660963
8850, 8850, 8850, 8850, 39927923
8855, 8855, 8855, 8855, 44195006
8860, 8860, 8860, 8860, 40488160
8865, 8865, 8865, 8865, 38772261
8870, 8870, 8870, 8870, 37209546
8875, 8875, 8875, 8875, 42292431
8880, 8880, 8880, 8880, 43339903
8885, 8885, 8885, 8885, 40335494
8890, 8890, 8890, 8890, 41556823
8895, 8895, 8895, 8895, 40189448
8900, 8900, 8900, 8900, 41416658
8905, 8905, 8905, 8905, 39629635
8910, 8910, 8910, 8910, 39541194
8915, 8915, 8915, 8915, 37501451
8920, 8920, 8920, 8920, 42080639
8925, 8925, 8925, 8925, 40461998
8930, 8930, 8930, 8930, 41625867
8935, 8935, 8935, 8935, 43011808
8940, 8940, 8940, 8940, 41011843
8945, 8945, 8945, 8945, 44614997
8950, 8950, 8950, 8950, 41513802
8955, 8955, 8955, 8955, 39668153
8960, 8960, 8960, 8960, 39084302
8965, 8965, 8965, 8965, 42762072
8970, 8970, 8970, 8970, 40219372
8975, 8975, 8975, 8975, 37066481
8980, 8980, 8980, 8980, 44763447
8985, 8985, 8985, 8985, 40494212
8990, 8990, 8990, 8990, 36293207
8995, 8995, 8995, 8995, 39042530
9000, 9000, 9000, 9000, 37353642
9005, 9005, 9005, 9005, 38364377
9010, 9010, 9010, 9010, 41958000
9015, 9015, 9015, 9015, 46623126
9020, 9020, 9020, 9020, 46990732
9025, 9025, 9025, 9025, 39342675
9030, 9030, 9030, 9030, 44253742
9035, 9035, 9035, 9035, 40274455
9040, 9040, 9040, 9040, 42405886
9045, 9045, 9045, 9045, 41239459
9050, 9050, 9050, 9050, 46121442
9055, 9055, 9055, 9055, 43370013
9060, 9060, 9060, 9060, 39197331
9065, 9065, 9065, 9065, 43530923
9070, 9070, 9070, 9070, 43333452
9075, 9075, 9075, 9075, 44016448
9080, 9080, 9080, 9080, 44464922
9085, 9085, 9085, 9085, 46818814
9090, 9090, 9090, 9090, 42599132
9095, 9095, 9095, 9095, 45119731
9100, 9100, 9100, 9100, 41269193
9105, 9105, 9105, 9105, 41591133
9110, 9110, 9110, 9110, 42706339
9115, 9115, 9115, 9115, 41383141
9120, 9120, 9120, 9120, 42966408
9125, 9125, 9125, 9125, 48908050
9130, 9130, 9130, 9130, 37763685
9135, 9135, 9135, 9135, 41867998
9140, 9140, 9140, 9140, 43216181
9145, 9145, 9145, 9145, 44154106
9150, 9150, 9150, 9150, 42491783
9155, 9155, 9155, 9155, 40359124
9160, 9160, 9160, 9160, 43155033
9165, 9165, 9165, 9165, 45067780
9170, 9170, 9170, 9170, 43619254
9175, 9175, 9175, 9175, 44139833
9180, 9180, 9180, 9180, 45933212
9185, 9185, 9185, 9185, 44392660
9190, 9190, 9190, 9190, 41575002
9195, 9195, 9195, 9195, 39342262
9200, 9200, 9200, 9200, 38809113
9205, 9205, 9205, 9205, 43676752
9210, 9210, 9210, 9210, 40884960
9215, 9215, 9215, 9215, 44513245
9220, 9220, 9220, 9220, 41564966
9225, 9225, 9225, 9225, 44512386
9230, 9230, 9230, 9230, 43829912
9235, 9235, 9235, 9235, 44888427
9240, 9240, 9240, 9240, 42744621
9245, 9245, 9245, 9245, 47362482
9250, 9250, 9250, 9250, 41402978
9255, 9255, 9255, 9255, 48220100
9260, 9260, 9260, 9260, 44142861
9265, 9265, 9265, 9265, 46375215
9270, 9270, 9270, 9270, 41334198
9275, 9275, 9275, 9275, 46085708
9280, 9280, 9280, 9280, 40052685
9285, 9285, 9285, 9285, 42457002
9290, 9290, 9290, 9290, 44572996
9295, 9295, 9295, 9295, 52416714
9300, 9300, 9300, 9300, 44002960
9305, 9305, 9305, 9305, 43423333
9310, 9310, 9310, 9310, 42290359
9315, 9315, 9315, 9315, 41010429
9320, 9320, 9320, 9320, 46728841
9325, 9325, 9325, 9325, 41567997
9330, 9330, 9330, 9330, 42957749
9335, 9335, 9335, 9335, 42588164
9340, 9340, 9340, 9340, 43133637
9345, 9345, 9345, 9345, 40822931
9350, 9350, 9350, 9350, 41508435
9355, 9355, 9355, 9355, 40455225
9360, 9360, 9360, 9360, 43294696
9365, 9365, 9365, 9365, 45211979
9370, 9370, 9370, 9370, 50542443
9375, 9375, 9375, 9375, 40273653
9380, 9380, 9380, 9380, 46224412
9385, 9385, 9385, 9385, 42342006
9390, 9390, 9390, 9390, 44871610
9395, 9395, 9395, 9395, 45234955
9400, 9400, 9400, 9400, 42474448
9405, 9405, 9405, 9405, 42724295
9410, 9410, 9410, 9410, 43141892
9415, 9415, 9415, 9415, 43170957
9420, 9420, 9420, 9420, 44825320
9425, 9425, 9425, 9425, 46488953
9430, 9430, 9430, 9430, 44797543
9435, 9435, 9435, 9435, 40410729
9440, 9440, 9440, 9440, 47784695
9445, 9445, 9445, 9445, 45321109
9450, 9450, 9450, 9450, 41809971
9455, 9455, 9455, 9455, 44621696
9460, 9460, 9460, 9460, 45585869
9465, 9465, 9465, 9465, 46056697
9470, 9470, 9470, 9470, 44264515
9475, 9475, 9475, 9475, 48861602
9480, 9480, 9480, 9480, 47633039
9485, 9485, 9485, 9485, 46187466
9490, 9490, 9490, 9490, 47375958
9495, 9495, 9495, 9495, 44236631
9500, 9500, 9500, 9500, 46416943
9505, 9505, 9505, 9505, 42519954
9510, 9510, 9510, 9510, 46380932
9515, 9515, 9515, 9515, 43533591
9520, 9520, 9520, 9520, 45721391
9525, 9525, 9525, 9525, 46403941
9530, 9530, 9530, 9530, 47839137
9535, 9535, 9535, 9535, 46264397
9540, 9540, 9540, 9540, 49612000
9545, 9545, 9545, 9545, 49538046
9550, 9550, 9550, 9550, 48330906
9555, 9555, 9555, 9555, 43917864
9560, 9560, 9560, 9560, 47331209
9565, 9565, 9565, 9565, 51816667
9570, 9570, 9570, 9570, 47286011
9575, 9575, 9575, 9575, 51386000
9580, 9580, 9580, 9580, 43623189
9585, 9585, 9585, 9585, 46284576
9590, 9590, 9590, 9590, 45549345
9595, 9595, 9595, 9595, 46330271
9600, 9600, 9600, 9600, 47850378
9605, 9605, 9605, 9605, 50287209
9610, 9610, 9610, 9610, 46766253
9615, 9615, 9615, 9615, 48452592
9620, 9620, 9620, 9620, 45174790
9625, 9625, 9625, 9625, 45958020
9630, 9630, 9630, 9630, 50115647
9635, 9635, 9635, 9635, 48007203
9640, 9640, 9640, 9640, 49290886
9645, 9645, 9645, 9645, 53009991
9650, 9650, 9650, 9650, 49029489
9655, 9655, 9655, 9655, 43057893
9660, 9660, 9660, 9660, 47883013
9665, 9665, 9665, 9665, 44126721
9670, 9670, 9670, 9670, 47767165
9675, 9675, 9675, 9675, 51588920
9680, 9680, 9680, 9680, 48050230
9685, 9685, 9685, 9685, 45923633
9690, 9690, 9690, 9690, 50592244
9695, 9695, 9695, 9695, 53982776
9700, 9700, 9700, 9700, 44839784
9705, 9705, 9705, 9705, 51006293
9710, 9710, 9710, 9710, 44404696
9715, 9715, 9715, 9715, 45189395
9720, 9720, 9720, 9720, 50140008
9725, 9725, 9725, 9725, 47335353
9730, 9730, 9730, 9730, 49291741
9735, 9735, 9735, 9735, 48006712
9740, 9740, 9740, 9740, 48436681
9745, 9745, 9745, 9745, 49723609
9750, 9750, 9750, 9750, 57271124
9755, 9755, 9755, 9755, 51887723
9760, 9760, 9760, 9760, 52206341
9765, 9765, 9765, 9765, 49237381
9770, 9770, 9770, 9770, 50776154
9775, 9775, 9775, 9775, 53919977
9780, 9780, 9780, 9780, 51413010
9785, 9785, 9785, 9785, 49517321
9790, 9790, 9790, 9790, 49627745
9795, 9795, 9795, 9795, 54432340
9800, 9800, 9800, 9800, 52855863
9805, 9805, 9805, 9805, 47051901
9810, 9810, 9810, 9810, 51226686
9815, 9815, 9815, 9815, 48715394
9820, 9820, 9820, 9820, 51578857
9825, 9825, 9825, 9825, 50653744
9830, 9830, 9830, 9830, 50225644
9835, 9835, 9835, 9835, 50860714
9840, 9840, 9840, 9840, 58118402
9845, 9845, 9845, 9845, 48551879
9850, 9850, 9850, 9850, 49143747
9855, 9855, 9855, 9855, 47810414
9860, 9860, 9860, 9860, 53346509
9865, 9865, 9865, 9865, 54589908
9870, 9870, 9870, 9870, 49833666
9875, 9875, 9875, 9875, 45914659
9880, 9880, 9880, 9880, 51296475
9885, 9885, 9885, 9885, 49212825
9890, 9890, 9890, 9890, 51638845
9895, 9895, 9895, 9895, 51900555
9900, 9900, 9900, 9900, 46544023
9905, 9905, 9905, 9905, 48666131
9910, 9910, 9910, 9910, 57358162
9915, 9915, 9915, 9915, 47041985
9920, 9920, 9920, 9920, 47019375
9925, 9925, 9925, 9925, 45771332
9930, 9930, 9930, 9930, 52282092
9935, 9935, 9935, 9935, 50123894
9940, 9940, 9940, 9940, 55162446
9945, 9945, 9945, 9945, 51994350
9950, 9950, 9950, 9950, 47600414
9955, 9955, 9955, 9955, 51505714
9960, 9960, 9960, 9960, 49519403
9965, 9965, 9965, 9965, 50216184
9970, 9970, 9970, 9970, 53789847
9975, 9975, 9975, 9975, 50692365
9980, 9980, 9980, 9980, 50196416
9985, 9985, 9985, 9985, 55462373
9990, 9990, 9990, 9990, 48143838
9995, 9995, 9995, 9995, 53012353
